Model,Preprocessing,Accuracy,Precision,Recall,F1-Score,Training Time (s),Best Params
Naive Bayes,Lemmatization,0.9488864142538975,0.9461161651504548,0.9467787114845938,0.9464473223661183,4.79,{'alpha': 0.1}
Passive Aggressive,Lemmatization,0.9961024498886414,0.9960308195190287,0.9957983193277311,0.9959145558538578,4.54,"{'C': 0.1, 'loss': 'squared_hinge'}"
SVM,Lemmatization,0.9963251670378619,0.995570062951737,0.9967320261437909,0.9961507057039543,6.48,"{'C': 1.0, 'loss': 'squared_hinge'}"
Logistic Regression,Lemmatization,0.9952115812917595,0.9946349428504782,0.9953314659197012,0.9949830824874577,5.62,"{'C': 10.0, 'penalty': 'l2', 'solver': 'liblinear'}"
Naive Bayes,Stemming,0.9505567928730512,0.9465116279069767,0.9500466853408029,0.9482758620689655,0.73,{'alpha': 0.1}
Passive Aggressive,Stemming,0.9959910913140312,0.9960298925735638,0.9955648926237162,0.9957973383142658,2.18,"{'C': 0.1, 'loss': 'squared_hinge'}"
SVM,Stemming,0.994988864142539,0.9944016794961511,0.9950980392156863,0.9947497374868743,5.33,"{'C': 1.0, 'loss': 'squared_hinge'}"
Logistic Regression,Stemming,0.9943207126948775,0.9934716717183493,0.9946311858076564,0.9940510906333839,5.74,"{'C': 10.0, 'penalty': 'l2', 'solver': 'liblinear'}"
